image_name,image_id

58c58133bc260137e096a580.png,1000094

58c58133bc260137e096a585.png,1000095

58c58133bc260137e096a58a.png,1000096

58c58133bc260137e096a58f.png,1000097

58c58133bc260137e096a593.png,1000098

58c58133bc260137e096a598.png,1000099

58c58133bc260137e096a59b.png,1000100

58c58133bc260137e096a5b7.png,1000111

58c58133bc260137e096a5b8.png,1000112

58c58133bc260137e096a5b9.png,1000113

58c58133bc260137e096a5ba.png,1000114

58c58133bc260137e096a5bb.png,1000115

58c58133bc260137e096a5bc.png,1000116

58c58133bc260137e096a5bd.png,1000117

58c58133bc260137e096a5be.png,1000118

58c58133bc260137e096a5bf.png,1000119